{
    "exec_time": 15687.136400222778, 
    "task_mgmt": 17929.779500961304
}
