{
    "exec_time": 3954.4085009098053, 
    "task_mgmt": 4351.806700706482
}
