{
    "exec_time": 1033.6867008209229, 
    "task_mgmt": 1140.4604003429413
}
