{
    "exec_time": 365.13169980049133, 
    "task_mgmt": 526.7660000324249
}
