{
    "exec_time": 364.84390020370483, 
    "task_mgmt": 536.6970999240875
}
