{
    "exec_time": 1033.0741996765137, 
    "task_mgmt": 1134.3875997066498
}
