{
    "exec_time": 4036.316199541092, 
    "task_mgmt": 4413.28209900856
}
