{
    "exec_time": 4011.230199098587, 
    "task_mgmt": 4419.232399940491
}
