{
    "exec_time": 16068.579498291016, 
    "task_mgmt": 19109.315900564194
}
