{
    "exec_time": 362.1350998878479, 
    "task_mgmt": 595.8170998096466
}
