{
    "exec_time": 3972.608099937439, 
    "task_mgmt": 4356.038600444794
}
