{
    "exec_time": 1093.9704003334045, 
    "task_mgmt": 1200.652399778366
}
