{
    "exec_time": 3953.977899312973, 
    "task_mgmt": 4378.5019998550415
}
