{
    "exec_time": 15743.794300317764, 
    "task_mgmt": 20573.823000907898
}
