{
    "exec_time": 1033.7835998535156, 
    "task_mgmt": 1134.828500032425
}
