{
    "exec_time": 365.22650027275085, 
    "task_mgmt": 675.2068002223969
}
