{
    "exec_time": 284.08579993247986, 
    "task_mgmt": 540.536299943924
}
