{
    "exec_time": 4023.9355981349945, 
    "task_mgmt": 4401.230799674988
}
