{
    "exec_time": 1094.6029994487762, 
    "task_mgmt": 1211.7459998130798
}
