{
    "exec_time": 15831.066498756409, 
    "task_mgmt": 18468.564399003983
}
